"function_name","arguments","returns","security_definer","fixed_search_path","anon_execute","authenticated_execute","risk"
"audit_app_account_membership_change","","trigger","false","true","true","true","CONTROLLED"
"audit_monthly_leave_plan_change","","trigger","true","true","false","false","CONTROLLED"
"capture_franchise_change_audit","","trigger","true","true","false","false","CONTROLLED"
"claim_franchise_order_notification_summaries","p_limit integer","SETOF franchise_order_notification_summaries","true","true","false","false","CONTROLLED"
"claim_franchise_order_notifications","p_limit integer","SETOF franchise_order_notification_outbox","true","true","false","false","CONTROLLED"
"close_daily_report_change_request_after_submit","","trigger","true","true","false","false","CONTROLLED"
"complete_franchise_order_notification_summary","p_summary_id uuid, p_provider_message_id text","void","true","true","false","false","CONTROLLED"
"current_franchise_role","","franchise_app_role","true","true","false","true","P2_REVIEW_AUTH_SECURITY_DEFINER"
"current_franchise_store_id","","uuid","true","true","false","true","P2_REVIEW_AUTH_SECURITY_DEFINER"
"current_profile_role","","app_role","true","true","false","true","P2_REVIEW_AUTH_SECURITY_DEFINER"
"current_profile_store_id","","uuid","true","true","false","true","P2_REVIEW_AUTH_SECURITY_DEFINER"
"current_taipei_business_date","","date","false","true","true","true","CONTROLLED"
"delete_daily_staff_shift_new","p_shift_id uuid","void","false","true","false","true","CONTROLLED"
"enforce_franchise_order_item_category_lock","","trigger","false","true","true","true","CONTROLLED"
"enforce_franchise_order_store_transition","","trigger","false","true","true","true","CONTROLLED"
"enforce_franchise_order_timing","","trigger","false","true","false","false","CONTROLLED"
"enforce_workforce_single_writer","","trigger","false","true","true","true","CONTROLLED"
"enqueue_franchise_order_submitted_notification","","trigger","true","true","false","false","CONTROLLED"
"get_cross_app_account_summary","","TABLE(user_id uuid, email text, app_code text, app_label text, role_label text, store_code text, store_name text, is_active boolean, last_sign_in_at timestamp with time zone, profile_complete boolean, status text)","true","true","false","true","P2_REVIEW_AUTH_SECURITY_DEFINER"
"get_franchise_order_overview_summary","p_from date, p_to date, p_store_id uuid","TABLE(order_count bigint, store_count bigint, item_count bigint, item_quantity numeric, item_amount numeric, adjustment_count bigint, adjustment_amount numeric, total_amount numeric, status_counts jsonb)","false","true","false","true","CONTROLLED"
"get_personal_schedule_by_token","p_token text","jsonb","false","true","true","true","CONTROLLED"
"get_staff_role_salary_settings_secure","","SETOF jsonb","true","true","false","true","P2_REVIEW_AUTH_SECURITY_DEFINER"
"get_store_staff_secure","","SETOF jsonb","true","true","false","true","P2_REVIEW_AUTH_SECURITY_DEFINER"
"get_store_staffing_demand","p_store_code text, p_target_date date, p_target_time time without time zone","integer","false","true","false","true","CONTROLLED"
"get_temporary_support_summary","p_support_date date","TABLE(scope_code text, scope_name text, demand numeric, working_people_count bigint, lunch_coverage numeric, dinner_coverage numeric, effective_count numeric, surplus numeric, part_time_missing_hours bigint)","false","true","true","true","CONTROLLED"
"has_salary_access","","boolean","true","true","false","true","P2_REVIEW_AUTH_SECURITY_DEFINER"
"hq_short_complete","p_alias text, p_version integer","boolean","true","true","false","false","CONTROLLED"
"hq_short_list","","jsonb","true","true","false","true","P2_REVIEW_AUTH_SECURITY_DEFINER"
"hq_short_manage","p_alias text, p_action text, p_reason text, p_password text","void","true","true","false","true","P2_REVIEW_AUTH_SECURITY_DEFINER"
"hq_short_verify","p_alias text, p_password text","jsonb","true","true","false","false","CONTROLLED"
"is_franchise_order_category_locked","p_arrival_date date, p_category text","boolean","false","true","false","true","CONTROLLED"
"issue_personal_schedule_link","p_period_month text, p_schedule_version integer, p_staff_id text, p_employee_name text, p_home_store_code text, p_role_name text, p_token_hash text, p_schedule_payload jsonb, p_expires_at timestamp with time zone","schedule_personal_links","true","true","false","true","P2_REVIEW_AUTH_SECURITY_DEFINER"
"laigdo_order_catalog","","jsonb","true","true","true","true","P1_REVIEW_ANON_SECURITY_DEFINER"
"laigdo_order_customer","p_user text, p_action text, p_payload jsonb","jsonb","true","true","false","false","CONTROLLED"
"laigdo_order_ops","p_action text, p_payload jsonb","jsonb","true","true","false","true","P2_REVIEW_AUTH_SECURITY_DEFINER"
"ops_approval_command","p_id uuid, p_action text, p_version integer, p_content jsonb, p_reason text, p_related uuid","jsonb","false","true","false","true","CONTROLLED"
"ops_delivery_api","p_action text, p_payload jsonb","jsonb","true","true","false","true","P2_REVIEW_AUTH_SECURITY_DEFINER"
"ops_delivery_worker_api","p_action text, p_payload jsonb","jsonb","true","true","false","true","P2_REVIEW_AUTH_SECURITY_DEFINER"
"ops_push_devices","p_action text, p_payload jsonb","jsonb","true","true","false","true","P2_REVIEW_AUTH_SECURITY_DEFINER"
"ops_push_work","p_action text, p_payload jsonb","jsonb","true","true","false","false","CONTROLLED"
"ops_repair_api","p_action text, p_payload jsonb","jsonb","true","true","false","true","P2_REVIEW_AUTH_SECURITY_DEFINER"
"ops_repair_photo_access","p_path text, p_write boolean","boolean","true","true","false","true","P2_REVIEW_AUTH_SECURITY_DEFINER"
"ops_repair_photo_api","p_action text, p_payload jsonb","jsonb","true","true","false","true","P2_REVIEW_AUTH_SECURITY_DEFINER"
"ops_repair_simple_api","p_action text, p_payload jsonb","jsonb","true","true","false","true","P2_REVIEW_AUTH_SECURITY_DEFINER"
"ops_repair_verify_photo","p_id uuid, p_actor uuid, p_fingerprint text, p_mime text, p_size bigint","jsonb","true","true","false","false","CONTROLLED"
"ops_staffing_display_api","p_action text, p_payload jsonb","jsonb","true","true","false","true","P2_REVIEW_AUTH_SECURITY_DEFINER"
"ops_transfer_api","p_action text, p_payload jsonb","jsonb","true","true","false","true","P2_REVIEW_AUTH_SECURITY_DEFINER"
"ops_transfer_inbox","","jsonb","true","true","false","true","P2_REVIEW_AUTH_SECURITY_DEFINER"
"ops_transfer_product_history","p_product_id uuid","jsonb","true","true","false","true","P2_REVIEW_AUTH_SECURITY_DEFINER"
"prevent_franchise_change_audit_mutation","","trigger","false","true","false","false","CONTROLLED"
"quick_checkout_clear_workspace","p_device_token text","boolean","true","true","true","true","P1_REVIEW_ANON_SECURITY_DEFINER"
"quick_checkout_create_device","p_store_code text, p_label text","jsonb","true","true","false","true","P2_REVIEW_AUTH_SECURITY_DEFINER"
"quick_checkout_load_workspace","p_device_token text","jsonb","true","true","true","true","P1_REVIEW_ANON_SECURITY_DEFINER"
"quick_checkout_manage_device","p_device_id uuid, p_action text, p_reason text","jsonb","true","true","false","true","P2_REVIEW_AUTH_SECURITY_DEFINER"
"quick_checkout_protect_final_order","","trigger","false","true","true","true","CONTROLLED"
"quick_checkout_resolve_device","p_device_token text","uuid","true","true","false","false","CONTROLLED"
"quick_checkout_save_workspace","p_device_token text, p_workspace jsonb","boolean","true","true","true","true","P1_REVIEW_ANON_SECURITY_DEFINER"
"quick_checkout_touch_updated_at","","trigger","false","true","true","true","CONTROLLED"
"record_staff_store_transfer","p_staff_id text, p_store_code text, p_effective_from date, p_reason text","SETOF staff_store_assignments","false","true","false","true","CONTROLLED"
"replace_staff_position_skills","p_staff_id text, p_positions text[], p_primary_position text","SETOF staff_position_skills","false","true","false","true","CONTROLLED"
"request_coo_salary_access","p_reason text","timestamp with time zone","true","true","false","true","CONTROLLED_AUTH_GUARD_VERIFIED"
"review_daily_report_change_request","request_id uuid, decision text, decision_note text","daily_report_change_requests","false","true","false","true","CONTROLLED"
"review_staffing_demand_change_request","p_request_id uuid, p_status text, p_review_note text","staffing_demand_change_requests","true","true","false","true","CONTROLLED_AUTH_GUARD_VERIFIED"
"review_support_shift_request","p_request_id uuid, p_status text, p_review_note text","support_shift_requests","true","true","false","true","P2_REVIEW_AUTH_SECURITY_DEFINER"
"revoke_personal_schedule_link","p_link_id uuid","schedule_personal_links","true","true","false","true","CONTROLLED_AUTH_GUARD_VERIFIED"
"rls_auto_enable","","event_trigger","true","true","false","false","CONTROLLED"
"save_daily_operations","p_report jsonb, p_inventory jsonb, p_waste jsonb","daily_reports","false","true","false","true","CONTROLLED"
"save_franchise_order_details","p_order_id uuid, p_note text, p_items jsonb, p_adjustments jsonb","franchise_orders","false","true","false","true","CONTROLLED"
"save_staff_role_salary_setting","p_payload jsonb, p_reason text","jsonb","true","true","false","true","P2_REVIEW_AUTH_SECURITY_DEFINER"
"save_store_operating_configuration","p_store_code text, p_payload jsonb, p_reason text","jsonb","true","true","false","true","P2_REVIEW_AUTH_SECURITY_DEFINER"
"save_store_workforce_view","p_store_code text, p_view_type text, p_is_enabled boolean, p_reason text","store_workforce_views","true","true","false","true","P2_REVIEW_AUTH_SECURITY_DEFINER"
"set_franchise_order_category_lock","p_arrival_date date, p_categories text[], p_is_locked boolean, p_reason text","void","false","true","false","true","CONTROLLED"
"set_monthly_leave_plans_updated_at","","trigger","false","true","true","true","CONTROLLED"
"set_monthly_schedule_lock_updated_at","","trigger","false","true","true","true","CONTROLLED"
"set_store_staff_updated_at","","trigger","false","true","true","true","CONTROLLED"
"set_workforce_rollout_mode","p_mode text, p_cutover_month text, p_note text","workforce_rollout_settings","true","true","false","true","P2_REVIEW_AUTH_SECURITY_DEFINER"
"sync_current_franchise_product_price","","trigger","true","true","false","false","CONTROLLED"
"upsert_daily_staff_shift_new","p_row jsonb","daily_staff_shifts","false","true","false","true","CONTROLLED"
"upsert_monthly_leave_plans_new","p_rows jsonb","SETOF monthly_leave_plans","false","true","false","true","CONTROLLED"
"upsert_store_staff_secure","p_payload jsonb","SETOF store_staff","true","true","false","true","P2_REVIEW_AUTH_SECURITY_DEFINER"
