"table_name","trigger_name","action_timing","events"
"app_account_memberships","app_account_memberships_audit","AFTER","DELETE,INSERT,UPDATE"
"daily_reports","close_daily_report_change_request_after_submit","AFTER","UPDATE"
"daily_staff_shifts","consume_shift_schedule_approval","AFTER","DELETE,INSERT,UPDATE"
"daily_staff_shifts","enforce_daily_shift_single_writer","BEFORE","DELETE,INSERT,UPDATE"
"daily_staff_shifts","set_daily_staff_shifts_updated_at","BEFORE","UPDATE"
"franchise_change_audits","prevent_franchise_change_audit_mutation_trigger","BEFORE","DELETE,UPDATE"
"franchise_order_items","enforce_franchise_order_item_category_lock_trigger","BEFORE","DELETE,INSERT,UPDATE"
"franchise_order_product_prices","sync_current_franchise_product_price_trigger","AFTER","INSERT,UPDATE"
"franchise_orders","enforce_franchise_order_store_transition_trigger","BEFORE","UPDATE"
"franchise_orders","enforce_franchise_order_timing_trigger","BEFORE","INSERT,UPDATE"
"franchise_orders","enqueue_franchise_order_submitted_notification_trigger","AFTER","INSERT,UPDATE"
"monthly_leave_plans","audit_monthly_leave_plan_changes","AFTER","DELETE,INSERT,UPDATE"
"monthly_leave_plans","consume_leave_schedule_approval","AFTER","DELETE,INSERT,UPDATE"
"monthly_leave_plans","enforce_leave_plan_single_writer","BEFORE","DELETE,INSERT,UPDATE"
"monthly_leave_plans","set_monthly_leave_plans_updated_at","BEFORE","UPDATE"
"monthly_schedule_change_requests","set_monthly_schedule_change_request_updated_at","BEFORE","UPDATE"
"monthly_schedule_locks","close_schedule_requests_on_confirmation","AFTER","INSERT,UPDATE"
"monthly_schedule_locks","set_monthly_schedule_lock_updated_at","BEFORE","UPDATE"
"quick_checkout_orders","quick_checkout_orders_touch_updated_at","BEFORE","UPDATE"
"quick_checkout_orders","quick_checkout_protect_final_order","BEFORE","DELETE,UPDATE"
"quick_checkout_products","quick_checkout_products_touch_updated_at","BEFORE","UPDATE"
"standard_shift_templates","set_standard_shift_templates_updated_at","BEFORE","UPDATE"
"store_staff","set_store_staff_updated_at","BEFORE","UPDATE"
