"table_name","rls_enabled","policy_count","anon_select","authenticated_select"
"app_account_membership_audits","true","0","false","false"
"app_account_memberships","true","1","false","true"
"app_security_settings","true","2","true","true"
"daily_report_change_requests","true","3","true","true"
"daily_report_employee_meals","true","3","true","true"
"daily_report_waste_items","true","3","true","true"
"daily_reports","true","8","true","true"
"daily_staff_shifts","true","3","true","true"
"franchise_change_audits","true","1","false","true"
"franchise_daily_reports","true","4","true","true"
"franchise_expenses","true","4","true","true"
"franchise_inventory_items","true","2","true","true"
"franchise_inventory_products","true","2","true","true"
"franchise_inventory_reports","true","2","true","true"
"franchise_order_adjustments","true","2","true","true"
"franchise_order_category_lock_events","true","2","true","true"
"franchise_order_category_locks","true","2","true","true"
"franchise_order_events","true","2","true","true"
"franchise_order_items","true","2","true","true"
"franchise_order_notification_outbox","true","1","true","true"
"franchise_order_notification_settings","true","1","true","true"
"franchise_order_notification_summaries","true","1","false","true"
"franchise_order_product_prices","true","2","true","true"
"franchise_order_products","true","2","true","true"
"franchise_orders","true","4","true","true"
"franchise_profiles","true","2","true","true"
"franchise_stores","true","2","true","true"
"hq_tasks","true","2","true","true"
"inventory_counts","true","5","true","true"
"line_group_messages","true","0","false","false"
"line_report_requests","true","0","true","true"
"line_task_events","true","0","false","false"
"line_tasks","true","0","false","false"
"monthly_leave_plan_audit","true","1","true","true"
"monthly_leave_plans","true","3","true","true"
"monthly_schedule_change_requests","true","6","true","true"
"monthly_schedule_locks","true","2","true","true"
"ops_approval_attachments","true","1","false","true"
"ops_approval_events","true","1","false","true"
"ops_approval_requests","true","1","false","true"
"products","true","1","true","true"
"profiles","true","4","true","true"
"quick_checkout_device_events","true","1","false","true"
"quick_checkout_device_workspaces","true","0","false","false"
"quick_checkout_devices","true","1","false","true"
"quick_checkout_order_events","true","1","false","true"
"quick_checkout_order_lines","true","1","false","true"
"quick_checkout_orders","true","1","false","true"
"quick_checkout_products","true","1","false","true"
"report_photos","true","0","true","true"
"review_actions","true","2","true","true"
"salary_access_events","true","2","true","true"
"schedule_personal_links","true","1","true","true"
"staff_performance","true","2","true","true"
"staff_position_skills","true","2","true","true"
"staff_role_salary_setting_audits","true","0","false","false"
"staff_role_salary_settings","true","0","false","false"
"staff_store_assignments","true","2","true","true"
"staffing_demand_change_requests","true","3","true","true"
"standard_shift_templates","true","4","true","true"
"store_handovers","true","2","true","true"
"store_inspection_issues","true","2","true","true"
"store_inspection_photos","true","2","true","true"
"store_inspections","true","2","true","true"
"store_management_relations","true","2","true","true"
"store_operating_setting_audits","true","1","true","true"
"store_operating_settings","true","1","true","true"
"store_relation_group_members","true","2","true","true"
"store_relation_groups","true","2","true","true"
"store_settings","true","2","true","true"
"store_staff","true","3","true","false"
"store_staffing_demand_rules","true","4","true","true"
"store_supervisors","true","1","true","true"
"store_workforce_views","true","1","true","true"
"stores","true","5","true","true"
"support_shift_requests","true","3","true","true"
"work_positions","true","2","true","true"
"workforce_rollout_audit_log","true","1","true","true"
"workforce_rollout_settings","true","1","true","true"
