"production_version","production_name","classification","local_version","local_path","recommended_action"
"20260615110026","executive_role_enum","remote_only_no_filename_match","","","舊式 SQL 內容一致；正式來源已封存；重播鏈待驗證"
"20260615110259","handover_performance_clean","remote_only_no_filename_match","","","正式來源已封存；重播與生命週期待驗證"
"20260615110354","executive_permissions_v2","remote_only_no_filename_match","","","舊式 SQL 內容一致；正式來源已封存；重播鏈待驗證"
"20260615122218","create_monthly_leave_plans_v2","remote_only_no_filename_match","","","正式來源已封存；重播與生命週期待驗證"
"20260615125629","add_leave_type_to_monthly_leave_plans","remote_only_no_filename_match","","","舊式 SQL 內容一致；正式來源已封存；重播鏈待驗證"
"20260616011843","add_cso_role_enum","remote_only_no_filename_match","","","正式來源已封存；重播與生命週期待驗證"
"20260616012017","configure_cso_and_executive_supervisor_v3","remote_only_no_filename_match","","","含敏感帳號初始化；僅遮蔽封存及來源雜湊；禁止重跑"
"20260616015955","hq_task_dispatch_and_admin_account","remote_only_no_filename_match","","","含敏感帳號初始化；僅遮蔽封存及來源雜湊；禁止重跑"
"20260619233653","app_security_settings","remote_only_no_filename_match","","","舊式 SQL 內容一致；正式來源已封存；重播鏈待驗證"
"20260622082942","store_manager_daily_report_write","remote_only_no_filename_match","","","舊式 SQL 內容一致；正式來源已封存；重播鏈待驗證"
"20260622083049","store_manager_daily_report_resubmit","remote_only_no_filename_match","","","舊式 SQL 內容一致；正式來源已封存；重播鏈待驗證"
"20260622084913","fix_store_codes_and_profiles","remote_only_no_filename_match","","","舊式 SQL 內容一致；正式來源已封存；重播鏈待驗證"
"20260622085811","leave_source_colors_and_s05_s06","remote_only_no_filename_match","","","舊式 SQL 內容一致；正式來源已封存；重播鏈待驗證"
"20260622090453","inventory_incoming_source","remote_only_no_filename_match","","","舊式 SQL 內容一致；正式來源已封存；重播鏈待驗證"
"20260622161513","franchise_app_schema","remote_only_no_filename_match","","","舊式 SQL 內容一致；正式來源已封存；重播鏈待驗證"
"20260622164725","franchise_investor_enum","remote_only_no_filename_match","","","舊式 SQL 內容一致；正式來源已封存；重播鏈待驗證"
"20260622164735","franchise_investor_policies","remote_only_no_filename_match","","","舊式 SQL 內容一致；正式來源已封存；重播鏈待驗證"
"20260623041420","franchise_admin_delete_only","remote_only_no_filename_match","","","舊式 SQL 內容一致；正式來源已封存；重播鏈待驗證"
"20260623093054","hq_daily_report_management","remote_only_no_filename_match","","","舊式 SQL 內容一致；正式來源已封存；重播鏈待驗證"
"20260623101627","review_actions_hq_access","remote_only_no_filename_match","","","舊式 SQL 內容一致；正式來源已封存；重播鏈待驗證"
"20260630061906","store_staff_master","remote_only_no_filename_match","","","正式來源已封存；重播與生命週期待驗證"
"20260704084220","line_bot_store_settings_report_audit","remote_only_no_filename_match","","","正式來源已封存；重播與生命週期待驗證"
"20260704090313","line_report_requests_interactive_store_selection","remote_only_no_filename_match","","","正式來源已封存；重播與生命週期待驗證"
"20260708052829","franchise_inventory_management","remote_only_no_filename_match","","","正式來源已封存；重播與生命週期待驗證"
"20260708083943","franchise_order_pricing_module","remote_only_no_filename_match","","","正式來源已封存；重播與生命週期待驗證"
"20260708084819","franchise_orders_weekday_arrival_check","remote_only_no_filename_match","","","舊約束已被週末到貨版本取代；正式來源封存；禁止單獨重跑"
"20260709044314","allow_cfo_update_franchise_orders","remote_only_no_filename_match","","","正式來源已封存；重播與生命週期待驗證"
"20260709144309","allow_franchise_orders_weekend_arrival_dates","remote_only_no_filename_match","","","正式來源已封存；重播與生命週期待驗證"
"20260712150450","franchise_order_closed_loop_hardening","remote_only_no_filename_match","","","正式來源已封存；重播與生命週期待驗證"
"20260729053929","store_identity_and_operating_scope","same_name_tracked_different_version","20260729054000","laijiduo-ops-site-source/supabase/migrations/20260729054000_store_identity_and_operating_scope.sql","SQL 一致；正式來源已封存；部署版本映射待整合"
"20260729053931","part_time_default_and_daily_shifts","same_name_tracked_different_version","20260729054100","laijiduo-ops-site-source/supabase/migrations/20260729054100_part_time_default_and_daily_shifts.sql","SQL 一致；正式來源已封存；部署版本映射待整合"
"20260729053936","store_schedule_privacy_and_support_summary","same_name_tracked_different_version","20260729054200","laijiduo-ops-site-source/supabase/migrations/20260729054200_store_schedule_privacy_and_support_summary.sql","SQL 一致；正式來源已封存；部署版本映射待整合"
"20260729053938","schedule_lock_closed_loop","same_name_tracked_different_version","20260729054500","laijiduo-ops-site-source/supabase/migrations/20260729054500_schedule_lock_closed_loop.sql","SQL 一致；正式來源已封存；部署版本映射待整合"
"20260729061002","schedule_group_change_requests","same_name_tracked_different_version","20260729060000","laijiduo-ops-site-source/supabase/migrations/20260729060000_schedule_group_change_requests.sql","SQL 一致；正式來源已封存；部署版本映射待整合"
"20260729063447","product_price_history","remote_only_no_filename_match","","","正式來源已封存；重播與生命週期待驗證"
"20260729063528","restrict_product_price_sync_function","remote_only_no_filename_match","","","正式來源已封存；重播與生命週期待驗證"
"20260729084159","order_timing_and_backfill","remote_only_no_filename_match","","","正式來源已封存；重播與生命週期待驗證"
"20260729084344","fix_order_timing_existing_order_updates","remote_only_no_filename_match","","","正式來源已封存；重播與生命週期待驗證"
"20260731134022","daily_report_lock_closed_loop","same_name_tracked_different_version","20260731133904","laijiduo-ops-site-source/supabase/migrations/20260731133904_daily_report_lock_closed_loop.sql","SQL 一致；正式來源已封存；部署版本映射待整合"
"20260731134027","daily_report_operational_details","same_name_tracked_different_version","20260731133908","laijiduo-ops-site-source/supabase/migrations/20260731133908_daily_report_operational_details.sql","SQL 一致；正式來源已封存；部署版本映射待整合"
"20260802141841","workforce_staff_classification","same_name_tracked_different_version","20260802111742","laijiduo-ops-site-source/supabase/migrations/20260802111742_workforce_staff_classification.sql","SQL 一致；正式來源已封存；部署版本映射待整合"
"20260802141843","staff_store_assignment_history","same_name_tracked_different_version","20260802112233","laijiduo-ops-site-source/supabase/migrations/20260802112233_staff_store_assignment_history.sql","SQL 一致；正式來源已封存；部署版本映射待整合"
"20260802141844","staff_transfer_hq_write_policy","same_name_tracked_different_version","20260802112331","laijiduo-ops-site-source/supabase/migrations/20260802112331_staff_transfer_hq_write_policy.sql","SQL 一致；正式來源已封存；部署版本映射待整合"
"20260802141846","effective_store_management_relations","same_name_tracked_different_version","20260802113845","laijiduo-ops-site-source/supabase/migrations/20260802113845_effective_store_management_relations.sql","SQL 一致；正式來源已封存；部署版本映射待整合"
"20260802141847","staff_positions_and_skills","same_name_tracked_different_version","20260802115527","laijiduo-ops-site-source/supabase/migrations/20260802115527_staff_positions_and_skills.sql","SQL 一致；正式來源已封存；部署版本映射待整合"
"20260802141848","staffing_demand_rules","same_name_tracked_different_version","20260802115728","laijiduo-ops-site-source/supabase/migrations/20260802115728_staffing_demand_rules.sql","SQL 一致；正式來源已封存；部署版本映射待整合"
"20260802141849","multi_segment_daily_staff_shifts","same_name_tracked_different_version","20260802120237","laijiduo-ops-site-source/supabase/migrations/20260802120237_multi_segment_daily_staff_shifts.sql","SQL 一致；正式來源已封存；部署版本映射待整合"
"20260802141915","scoped_schedule_change_approvals","same_name_tracked_different_version","20260802121315","laijiduo-ops-site-source/supabase/migrations/20260802121315_scoped_schedule_change_approvals.sql","SQL 一致；正式來源已封存；部署版本映射待整合"
"20260802141921","support_shift_approval_closed_loop","same_name_tracked_different_version","20260802121842","laijiduo-ops-site-source/supabase/migrations/20260802121842_support_shift_approval_closed_loop.sql","SQL 一致；正式來源已封存；部署版本映射待整合"
"20260802141922","workforce_safe_cutover_control","same_name_tracked_different_version","20260802122444","laijiduo-ops-site-source/supabase/migrations/20260802122444_workforce_safe_cutover_control.sql","SQL 一致；正式來源已封存；部署版本映射待整合"
"20260802141923","staff_estimated_cost_fields","same_name_tracked_different_version","20260802123110","laijiduo-ops-site-source/supabase/migrations/20260802123110_staff_estimated_cost_fields.sql","SQL 一致；正式來源已封存；部署版本映射待整合"
"20260802141924","revoke_anon_workforce_rpcs","same_name_tracked_different_version","20260802123320","laijiduo-ops-site-source/supabase/migrations/20260802123320_revoke_anon_workforce_rpcs.sql","SQL 一致；正式來源已封存；部署版本映射待整合"
"20260802141926","personal_schedule_links","same_name_tracked_different_version","20260802124010","laijiduo-ops-site-source/supabase/migrations/20260802124010_personal_schedule_links.sql","SQL 一致；正式來源已封存；部署版本映射待整合"
"20260802141927","secure_legacy_public_tables","same_name_tracked_different_version","20260802124430","laijiduo-ops-site-source/supabase/migrations/20260802124430_secure_legacy_public_tables.sql","SQL 一致；正式來源已封存；部署版本映射待整合"
"20260802141929","harden_public_schedule_token_rpc","same_name_tracked_different_version","20260802124620","laijiduo-ops-site-source/supabase/migrations/20260802124620_harden_public_schedule_token_rpc.sql","SQL 一致；正式來源已封存；部署版本映射待整合"
"20260802141930","workforce_performance_indexes","same_name_tracked_different_version","20260802124900","laijiduo-ops-site-source/supabase/migrations/20260802124900_workforce_performance_indexes.sql","SQL 一致；正式來源已封存；部署版本映射待整合"
"20260802141931","standard_shift_templates","same_name_tracked_different_version","20260802143000","laijiduo-ops-site-source/supabase/migrations/20260802143000_standard_shift_templates.sql","SQL 一致；正式來源已封存；部署版本映射待整合"
"20260802141932","leave_audit_and_demand_requests","same_name_tracked_different_version","20260802150000","laijiduo-ops-site-source/supabase/migrations/20260802150000_leave_audit_and_demand_requests.sql","SQL 一致；正式來源已封存；部署版本映射待整合"
"20260802141934","secure_salary_access","same_name_tracked_different_version","20260802153000","laijiduo-ops-site-source/supabase/migrations/20260802153000_secure_salary_access.sql","SQL 一致；正式來源已封存；部署版本映射待整合"
"20260802141935","enforce_workforce_single_writer","same_name_tracked_different_version","20260802160000","laijiduo-ops-site-source/supabase/migrations/20260802160000_enforce_workforce_single_writer.sql","SQL 一致；正式來源已封存；部署版本映射待整合"
"20260802141936","secure_line_internal_tables","same_name_tracked_different_version","20260802170000","laijiduo-ops-site-source/supabase/migrations/20260802170000_secure_line_internal_tables.sql","SQL 一致；正式來源已封存；部署版本映射待整合"
"20260802141937","harden_identity_helper_rpcs","same_name_tracked_different_version","20260802171000","laijiduo-ops-site-source/supabase/migrations/20260802171000_harden_identity_helper_rpcs.sql","SQL 一致；正式來源已封存；部署版本映射待整合"
"20260802213557","secure_store_staff_upsert","same_name_tracked_different_version","20260803100000","laijiduo-ops-site-source/supabase/migrations/20260803100000_secure_store_staff_upsert.sql","SQL 一致；正式來源已封存；部署版本映射待整合"
"20260805003227","store_manager_current_month_revenue_view","same_name_tracked_different_version","20260805090000","laijiduo-ops-site-source/supabase/migrations/20260805090000_store_manager_current_month_revenue_view.sql","SQL 一致；正式來源已封存；部署版本映射待整合"
"20260806141652","store_operating_settings_center","same_name_tracked_different_version","20260806141200","laijiduo-ops-site-source/supabase/migrations/20260806141200_store_operating_settings_center.sql","歷史 SQL 差異；後續尖峰需求 migration 及現行結構已核對；禁止直接重跑"
"20260806141934","store_peak_staffing_demands","same_name_tracked_different_version","20260806141839","laijiduo-ops-site-source/supabase/migrations/20260806141839_store_peak_staffing_demands.sql","SQL 一致；正式來源已封存；部署版本映射待整合"
"20260806144829","store_backoffice_matrix_and_role_salary_settings","same_name_tracked_different_version","20260806144355","laijiduo-ops-site-source/supabase/migrations/20260806144355_store_backoffice_matrix_and_role_salary_settings.sql","SQL 一致；正式來源已封存；部署版本映射待整合"
"20260806150028","add_appointed_store_manager_role","same_name_tracked_different_version","20260806145951","laijiduo-ops-site-source/supabase/migrations/20260806145951_add_appointed_store_manager_role.sql","僅排版差異；正式來源及差異已封存；部署映射待整合"
"20260813091303","fix_monthly_leave_plan_audit_trigger_rls","remote_only_no_filename_match","","","正式來源已封存；重播與生命週期待驗證"
"20260813101658","add_store_short_alias_accounts","remote_only_no_filename_match","","","含敏感帳號初始化；僅遮蔽封存及來源雜湊；禁止重跑"
"20260817104225","franchise_order_category_locks","remote_only_no_filename_match","","","正式來源已封存；重播與生命週期待驗證"
"20260827011108","quick_checkout_hq_management","exact_tracked","20260827011108","laijiduo-ops-site-source/supabase/migrations/20260827011108_quick_checkout_hq_management.sql","已納入版控；保留並持續驗證"
"20260827053934","quick_checkout_pack_before_payment","exact_tracked","20260827053934","laijiduo-ops-site-source/supabase/migrations/20260827053934_quick_checkout_pack_before_payment.sql","已納入版控；保留並持續驗證"
"20260829012304","franchise_order_overview_summary","remote_only_no_filename_match","","","正式來源已封存；重播與生命週期待驗證"
"20260829015124","atomic_franchise_order_detail_save","remote_only_no_filename_match","","","正式來源已封存；重播與生命週期待驗證"
"20260830031837","monday_meat_cutoff_rule","remote_only_no_filename_match","","","正式來源已封存；重播與生命週期待驗證"
"20260901024853","cross_app_account_memberships","same_name_untracked_different_version","20260901030000","laijiduo-ops-site-source/supabase/migrations/20260901030000_cross_app_account_memberships.sql","SQL 內容已一致；正式版本已封存；部署映射待整合"
"20260901031948","add_hq_franchise_ordering_memberships","same_name_untracked_different_version","20260901031921","laijiduo-ops-site-source/supabase/migrations/20260901031921_add_hq_franchise_ordering_memberships.sql","SQL 內容已一致；正式版本已封存；部署映射待整合"
"20260901032855","enforce_franchise_ordering_membership","remote_only_no_filename_match","","","正式來源已封存；重播與生命週期待驗證"
"20260909072823","approval_center","same_name_untracked_different_version","20260909072051","laijiduo-ops-site-source/supabase/migrations/20260909072051_approval_center.sql","SQL 內容已一致；正式版本已封存；部署映射待整合"
"20260909073646","approval_attachment_policy_fix","same_name_untracked_different_version","20260909073611","laijiduo-ops-site-source/supabase/migrations/20260909073611_approval_attachment_policy_fix.sql","SQL 內容已一致；正式版本已封存；部署映射待整合"
"20260909082332","hq_short_login","same_name_untracked_different_version","20260909081622","laijiduo-ops-site-source/supabase/migrations/20260909081622_hq_short_login.sql","SQL 內容已一致；正式版本已封存；部署映射待整合"
"20260909130153","transfer_center","same_name_untracked_different_version","20260909124828","laijiduo-ops-site-source/supabase/migrations/20260909124828_transfer_center.sql","SQL 內容已一致；正式版本已封存；部署映射待整合"
"20260909131115","transfer_product_audit_reader","same_name_untracked_different_version","20260909130943","laijiduo-ops-site-source/supabase/migrations/20260909130943_transfer_product_audit_reader.sql","SQL 內容已一致；正式版本已封存；部署映射待整合"
"20260909233826","transfer_add_pork_chop","same_name_untracked_different_version","20260909233801","laijiduo-ops-site-source/supabase/migrations/20260909233801_transfer_add_pork_chop.sql","SQL 內容已一致；正式版本已封存；部署映射待整合"
"20260909234155","transfer_product_store_directions","same_name_untracked_different_version","20260909234011","laijiduo-ops-site-source/supabase/migrations/20260909234011_transfer_product_store_directions.sql","SQL 內容已一致；正式版本已封存；部署映射待整合"
"20260910053806","transfer_inbox_readonly","exact_tracked","20260910053806","laijiduo-ops-site-source/supabase/migrations/20260910053806_transfer_inbox_readonly.sql","已納入版控；保留並持續驗證"
"20260910064414","transfer_web_push","exact_tracked","20260910064414","laijiduo-ops-site-source/supabase/migrations/20260910064414_transfer_web_push.sql","已納入版控；保留並持續驗證"
"20260910152944","transfer_delivery_sheets","exact_tracked","20260910152944","laijiduo-ops-site-source/supabase/migrations/20260910152944_transfer_delivery_sheets.sql","已納入版控；保留並持續驗證"
"20260910152954","transfer_decimal_kg_hq_source","exact_tracked","20260910152954","laijiduo-ops-site-source/supabase/migrations/20260910152954_transfer_decimal_kg_hq_source.sql","已納入版控；保留並持續驗證"
"20260910152956","transfer_stock_pickup_note","exact_tracked","20260910152956","laijiduo-ops-site-source/supabase/migrations/20260910152956_transfer_stock_pickup_note.sql","已納入版控；保留並持續驗證"
"20260911124650","ops_store_repairs","same_name_untracked_different_version","20260911124558","laijiduo-ops-site-source/supabase/migrations/20260911124558_ops_store_repairs.sql","SQL 內容已一致；正式版本已封存；部署映射待整合"
"20260911133851","simplify_store_repairs","same_name_untracked_different_version","20260911132933","laijiduo-ops-site-source/supabase/migrations/20260911132933_simplify_store_repairs.sql","SQL 內容已一致；正式版本已封存；部署映射待整合"
"20260921053141","add_delivery_specialist_role","remote_only_no_filename_match","","","正式來源已封存；重播與生命週期待驗證"
"20260921053151","delivery_specialist_access","remote_only_no_filename_match","","","正式來源已封存；重播與生命週期待驗證"
"20260921053201","create_delivery_specialist_account","remote_only_no_filename_match","","","含敏感帳號初始化；僅遮蔽封存及來源雜湊；禁止重跑"
"20260928022859","staffing_overview","same_name_untracked_different_version","20260927093000","laijiduo-ops-site-source/supabase/migrations/20260927093000_staffing_overview.sql","SQL 內容已一致；正式版本已封存；部署映射待整合"
"20261001120105","franchise_order_line_notification_outbox","remote_only_no_filename_match","","","正式來源已封存；重播與生命週期待驗證"
"20261001122200","enable_order_notification_scheduler","remote_only_no_filename_match","","","正式來源已封存；重播與生命週期待驗證"
"20261001130053","allow_store_manager_previous_month_daily_reports","same_name_untracked_different_version","20261001125849","laijiduo-ops-site-source/supabase/migrations/20261001125849_allow_store_manager_previous_month_daily_reports.sql","SQL 內容已一致；正式版本已封存；部署映射待整合"
"20261006124355","laigdo_online_ordering","remote_only_no_filename_match","","","正式來源已封存；重播與生命週期待驗證"
"20261007052326","online_order_three_step_packing_flow","remote_only_no_filename_match","","","正式來源已封存；重播與生命週期待驗證"
"20261007054533","daily_four_digit_order_numbers","remote_only_no_filename_match","","","正式來源已封存；重播與生命週期待驗證"
"20261008022942","add_franchise_order_and_product_audit_trail","remote_only_no_filename_match","","","正式來源已封存；重播與生命週期待驗證"
"20261008083500","fix_franchise_audit_dynamic_order_id","remote_only_no_filename_match","","","正式來源已封存；重播與生命週期待驗證"
"20261008091308","disable_blocking_franchise_change_audit","remote_only_no_filename_match","","","正式來源已封存；重播與生命週期待驗證"
"20261008094345","add_franchise_notification_summary_queue","remote_only_no_filename_match","","","正式來源已封存；重播與生命週期待驗證"
"20261009034937","harden_authenticated_rpc_guards","exact_tracked","20261009034937","laijiduo-ops-site-source/supabase/migrations/20261009034937_harden_authenticated_rpc_guards.sql","已納入版控；保留並持續驗證"

